1,2,Äê·Ý,xt
DC20,DC35,2022/7/1,248
DC20,DC35,2022/7/2,66
DC20,DC35,2022/7/3,202
DC20,DC35,2022/7/4,171
DC20,DC35,2022/7/5,346
DC20,DC35,2022/7/6,93
DC20,DC35,2022/7/7,81
DC20,DC35,2022/7/8,149
DC20,DC35,2022/7/9,162
DC20,DC35,2022/7/10,37
DC20,DC35,2022/7/11,130
DC20,DC35,2022/7/12,81
DC20,DC35,2022/7/13,67
DC20,DC35,2022/7/14,301
DC20,DC35,2022/7/15,326
DC20,DC35,2022/7/16,492
DC20,DC35,2022/7/17,195
DC20,DC35,2022/7/18,1659
DC20,DC35,2022/7/19,909
DC20,DC35,2022/7/20,454
DC20,DC35,2022/7/21,221
DC20,DC35,2022/7/22,208
DC20,DC35,2022/7/23,158
DC20,DC35,2022/7/24,117
DC20,DC35,2022/7/25,152
DC20,DC35,2022/7/26,344
DC20,DC35,2022/7/27,696
DC20,DC35,2022/7/28,73
DC20,DC35,2022/7/29,231
DC20,DC35,2022/7/30,47
DC20,DC35,2022/7/31,78
DC20,DC35,2022/8/1,183
DC20,DC35,2022/8/2,112
DC20,DC35,2022/8/3,320
DC20,DC35,2022/8/4,246
DC20,DC35,2022/8/5,81
DC20,DC35,2022/8/6,9
DC20,DC35,2022/8/7,107
DC20,DC35,2022/8/8,172
DC20,DC35,2022/8/9,446
DC20,DC35,2022/8/10,739
DC20,DC35,2022/8/11,382
DC20,DC35,2022/8/12,393
DC20,DC35,2022/8/13,212
DC20,DC35,2022/8/14,119
DC20,DC35,2022/8/15,128
DC20,DC35,2022/8/16,390
DC20,DC35,2022/8/17,220
DC20,DC35,2022/8/18,34
DC20,DC35,2022/8/19,142
DC20,DC35,2022/8/20,81
DC20,DC35,2022/8/21,211
DC20,DC35,2022/8/22,196
DC20,DC35,2022/8/23,161
DC20,DC35,2022/8/24,118
DC20,DC35,2022/8/25,230
DC20,DC35,2022/8/26,195
DC20,DC35,2022/8/27,240
DC20,DC35,2022/8/28,43
DC20,DC35,2022/8/29,414
DC20,DC35,2022/8/30,216
DC20,DC35,2022/8/31,160
DC20,DC35,2022/9/1,221
DC20,DC35,2022/9/2,203
DC20,DC35,2022/9/3,17
DC20,DC35,2022/9/4,20
DC20,DC35,2022/9/5,235
DC20,DC35,2022/9/6,138
DC20,DC35,2022/9/7,13082
DC20,DC35,2022/9/8,516
DC20,DC35,2022/9/9,793
DC20,DC35,2022/9/10,81
DC20,DC35,2022/9/11,86
DC20,DC35,2022/9/12,45
DC20,DC35,2022/9/13,89
DC20,DC35,2022/9/14,85
DC20,DC35,2022/9/15,18
DC20,DC35,2022/9/16,25
DC20,DC35,2022/9/17,9
DC20,DC35,2022/9/18,12
DC20,DC35,2022/9/19,41
DC20,DC35,2022/9/20,23
DC20,DC35,2022/9/21,123
DC20,DC35,2022/9/22,208
DC20,DC35,2022/9/23,27
DC20,DC35,2022/9/24,6
DC20,DC35,2022/9/25,17
DC20,DC35,2022/9/26,37
DC20,DC35,2022/9/27,14
DC20,DC35,2022/9/28,19
DC20,DC35,2022/9/29,15
DC20,DC35,2022/9/30,88
DC20,DC35,2022/10/1,24
DC20,DC35,2022/10/2,17
DC20,DC35,2022/10/3,10
DC20,DC35,2022/10/4,26
DC20,DC35,2022/10/5,45
DC20,DC35,2022/10/6,17
DC20,DC35,2022/10/7,13
DC20,DC35,2022/10/8,24
DC20,DC35,2022/10/9,31
DC20,DC35,2022/10/10,18
DC20,DC35,2022/10/11,107
DC20,DC35,2022/10/12,114
DC20,DC35,2022/10/13,0
DC20,DC35,2022/10/14,91
DC20,DC35,2022/10/15,6
DC20,DC35,2022/10/16,12
DC20,DC35,2022/10/17,55
DC20,DC35,2022/10/18,80
DC20,DC35,2022/10/19,2
DC20,DC35,2022/10/20,42
DC20,DC35,2022/10/21,6
DC20,DC35,2022/10/22,119
DC20,DC35,2022/10/23,18
DC20,DC35,2022/10/24,166
DC20,DC35,2022/10/25,37
DC20,DC35,2022/10/26,73
DC20,DC35,2022/10/27,56
DC20,DC35,2022/10/28,108
DC20,DC35,2022/10/29,20
DC20,DC35,2022/10/30,23
DC20,DC35,2022/10/31,25
DC20,DC35,2022/11/1,0
DC20,DC35,2022/11/2,242
DC20,DC35,2022/11/3,43
DC20,DC35,2022/11/4,165
DC20,DC35,2022/11/5,1519
DC20,DC35,2022/11/6,17
DC20,DC35,2022/11/7,34
DC20,DC35,2022/11/8,18
DC20,DC35,2022/11/9,85
DC20,DC35,2022/11/10,207
DC20,DC35,2022/11/11,0
DC20,DC35,2022/11/12,45
DC20,DC35,2022/11/13,145
DC20,DC35,2022/11/14,2406
DC20,DC35,2022/11/15,29
DC20,DC35,2022/11/16,1548
DC20,DC35,2022/11/17,62
DC20,DC35,2022/11/18,18
DC20,DC35,2022/11/19,121
DC20,DC35,2022/11/20,52
DC20,DC35,2022/11/21,75
DC20,DC35,2022/11/22,21
DC20,DC35,2022/11/23,9
DC20,DC35,2022/11/24,28
DC20,DC35,2022/11/25,39
DC20,DC35,2022/11/26,13
DC20,DC35,2022/11/27,23
DC20,DC35,2022/11/28,9
DC20,DC35,2022/11/29,25
DC20,DC35,2022/11/30,75
DC20,DC35,2022/12/1,27
DC20,DC35,2022/12/2,9
DC20,DC35,2022/12/3,28
DC20,DC35,2022/12/4,345
DC20,DC35,2022/12/5,7
DC20,DC35,2022/12/6,167
DC20,DC35,2022/12/7,23
DC20,DC35,2022/12/8,29
DC20,DC35,2022/12/9,44
DC20,DC35,2022/12/10,16
DC20,DC35,2022/12/11,3
DC20,DC35,2022/12/12,0
DC20,DC35,2022/12/13,5
DC20,DC35,2022/12/14,0
DC20,DC35,2022/12/15,8
DC20,DC35,2022/12/16,210
DC20,DC35,2022/12/17,11
DC20,DC35,2022/12/18,30
DC20,DC35,2022/12/19,0
DC20,DC35,2022/12/20,0
DC20,DC35,2022/12/21,25
DC20,DC35,2022/12/22,0
DC20,DC35,2022/12/23,207
DC20,DC35,2022/12/24,23
DC20,DC35,2022/12/25,15
DC20,DC35,2022/12/26,16
DC20,DC35,2022/12/27,111
DC20,DC35,2022/12/28,37
DC20,DC35,2022/12/29,125
DC20,DC35,2022/12/30,59
DC20,DC35,2022/12/31,38
